Guid,Name,Type,ParentId,BillingStreet,BillingCity,BillingState,BillingPostalCode,BillingCountry,BillingLatitude,BillingLongitude,BillingGeocodeAccuracy,ShippingStreet,ShippingCity,ShippingState,ShippingPostalCode,ShippingCountry,ShippingLatitude,ShippingLongitude,ShippingGeocodeAccuracy,Phone,Fax,Website,Industry,AnnualRevenue,NumberOfEmployees,Description,Jigsaw,AccountSource,SicDesc,SBQQ__AssetQuantitiesCombined__c,SBQQ__CoTermedContractsCombined__c,SBQQ__ContractCoTermination__c,SBQQ__DefaultOpportunity__c,SBQQ__IgnoreParentContractedPrices__c,SBQQ__PreserveBundle__c,SBQQ__PriceHoldEnd__c,SBQQ__RenewalModel__c,SBQQ__RenewalPricingMethod__c,SBQQ__TaxExempt__c,SBQQ__CoTerminationEvent__c,test_field_16__c,test_field_17__c,test_extra__c,test_field_3__c,test_field__c,test_field_4__c,test_field_5__c,test_field_6__c,test_field_7__c,test_field_8__c,test_field_9__c,test_field_10__c,test_field_11__c,test_field_12__c,test_field_13__c,test_field_14__c,test_field_15__c,test_geolocation_bsn__Latitude__s,test_geolocation_bsn__Longitude__s,test_bsn_2__Latitude__s,test_bsn_2__Longitude__s,TestPickList__c,TestPVSAnother__c,TestPVSAccount__c
7c5de07b-e0e2-496d-b2af-24081cf0d030,Bhuvana Bulk Account 24969 Name,#N/A,#N/A,#N/A,#N/A,#N/A,#N/A,#N/A,#N/A,#N/A,#N/A,#N/A,#N/A,#N/A,#N/A,#N/A,#N/A,#N/A,#N/A,#N/A,#N/A,#N/A,#N/A,#N/A,#N/A,#N/A,#N/A,#N/A,#N/A,false,false,Never,#N/A,false,true,#N/A,#N/A,Same,No,#N/A,#N/A,#N/A,#N/A,#N/A,#N/A,#N/A,#N/A,#N/A,#N/A,#N/A,#N/A,#N/A,#N/A,#N/A,#N/A,false,false,#N/A,#N/A,#N/A,#N/A,#N/A,#N/A,#N/A
b6ba22f9-ec3e-4357-b852-ae9f5b8de43d,Bhuvana Bulk Account 24980 Name,#N/A,#N/A,#N/A,#N/A,#N/A,#N/A,#N/A,#N/A,#N/A,#N/A,#N/A,#N/A,#N/A,#N/A,#N/A,#N/A,#N/A,#N/A,#N/A,#N/A,#N/A,#N/A,#N/A,#N/A,#N/A,#N/A,#N/A,#N/A,false,false,Never,#N/A,false,true,#N/A,#N/A,Same,No,#N/A,#N/A,#N/A,#N/A,#N/A,#N/A,#N/A,#N/A,#N/A,#N/A,#N/A,#N/A,#N/A,#N/A,#N/A,#N/A,false,false,#N/A,#N/A,#N/A,#N/A,#N/A,#N/A,#N/A
6af64d96-92ef-4ebf-8193-739ec682355f,Bhuvana Bulk Account 24980 Name,#N/A,#N/A,#N/A,#N/A,#N/A,#N/A,#N/A,#N/A,#N/A,#N/A,#N/A,#N/A,#N/A,#N/A,#N/A,#N/A,#N/A,#N/A,#N/A,#N/A,#N/A,#N/A,#N/A,#N/A,#N/A,#N/A,#N/A,#N/A,false,false,Never,#N/A,false,true,#N/A,#N/A,Same,No,#N/A,#N/A,#N/A,#N/A,#N/A,#N/A,#N/A,#N/A,#N/A,#N/A,#N/A,#N/A,#N/A,#N/A,#N/A,#N/A,false,false,#N/A,#N/A,#N/A,#N/A,#N/A,#N/A,#N/A
f130c40c-0b46-46c1-9b18-f9dc8c401906,Bhuvana Bulk Account 24972 Name,#N/A,#N/A,#N/A,#N/A,#N/A,#N/A,#N/A,#N/A,#N/A,#N/A,#N/A,#N/A,#N/A,#N/A,#N/A,#N/A,#N/A,#N/A,#N/A,#N/A,#N/A,#N/A,#N/A,#N/A,#N/A,#N/A,#N/A,#N/A,false,false,Never,#N/A,false,true,#N/A,#N/A,Same,No,#N/A,#N/A,#N/A,#N/A,#N/A,#N/A,#N/A,#N/A,#N/A,#N/A,#N/A,#N/A,#N/A,#N/A,#N/A,#N/A,false,false,#N/A,#N/A,#N/A,#N/A,#N/A,#N/A,#N/A
4da68ea1-96af-47d1-8b0a-45ff0043b38b,Bhuvana Bulk Account 24976 Name,#N/A,#N/A,#N/A,#N/A,#N/A,#N/A,#N/A,#N/A,#N/A,#N/A,#N/A,#N/A,#N/A,#N/A,#N/A,#N/A,#N/A,#N/A,#N/A,#N/A,#N/A,#N/A,#N/A,#N/A,#N/A,#N/A,#N/A,#N/A,false,false,Never,#N/A,false,true,#N/A,#N/A,Same,No,#N/A,#N/A,#N/A,#N/A,#N/A,#N/A,#N/A,#N/A,#N/A,#N/A,#N/A,#N/A,#N/A,#N/A,#N/A,#N/A,false,false,#N/A,#N/A,#N/A,#N/A,#N/A,#N/A,#N/A
b484d709-159f-4685-b033-8fe3ac222f58,Bhuvana Bulk Account 24982 Name,#N/A,#N/A,#N/A,#N/A,#N/A,#N/A,#N/A,#N/A,#N/A,#N/A,#N/A,#N/A,#N/A,#N/A,#N/A,#N/A,#N/A,#N/A,#N/A,#N/A,#N/A,#N/A,#N/A,#N/A,#N/A,#N/A,#N/A,#N/A,false,false,Never,#N/A,false,true,#N/A,#N/A,Same,No,#N/A,#N/A,#N/A,#N/A,#N/A,#N/A,#N/A,#N/A,#N/A,#N/A,#N/A,#N/A,#N/A,#N/A,#N/A,#N/A,false,false,#N/A,#N/A,#N/A,#N/A,#N/A,#N/A,#N/A
1b76c302-f12d-4ae8-989e-234d3ba3fe17,Bhuvana Bulk Account 24984 Name,#N/A,#N/A,#N/A,#N/A,#N/A,#N/A,#N/A,#N/A,#N/A,#N/A,#N/A,#N/A,#N/A,#N/A,#N/A,#N/A,#N/A,#N/A,#N/A,#N/A,#N/A,#N/A,#N/A,#N/A,#N/A,#N/A,#N/A,#N/A,false,false,Never,#N/A,false,true,#N/A,#N/A,Same,No,#N/A,#N/A,#N/A,#N/A,#N/A,#N/A,#N/A,#N/A,#N/A,#N/A,#N/A,#N/A,#N/A,#N/A,#N/A,#N/A,false,false,#N/A,#N/A,#N/A,#N/A,#N/A,#N/A,#N/A
516c6f1d-257d-4fdc-8314-fdd59584b0ca,Bhuvana Bulk Account 24986 Name,#N/A,#N/A,#N/A,#N/A,#N/A,#N/A,#N/A,#N/A,#N/A,#N/A,#N/A,#N/A,#N/A,#N/A,#N/A,#N/A,#N/A,#N/A,#N/A,#N/A,#N/A,#N/A,#N/A,#N/A,#N/A,#N/A,#N/A,#N/A,false,false,Never,#N/A,false,true,#N/A,#N/A,Same,No,#N/A,#N/A,#N/A,#N/A,#N/A,#N/A,#N/A,#N/A,#N/A,#N/A,#N/A,#N/A,#N/A,#N/A,#N/A,#N/A,false,false,#N/A,#N/A,#N/A,#N/A,#N/A,#N/A,#N/A
2f188429-e3fe-4bc9-93ea-9753b2044c2c,Bhuvana Bulk Account 24977 Name,#N/A,#N/A,#N/A,#N/A,#N/A,#N/A,#N/A,#N/A,#N/A,#N/A,#N/A,#N/A,#N/A,#N/A,#N/A,#N/A,#N/A,#N/A,#N/A,#N/A,#N/A,#N/A,#N/A,#N/A,#N/A,#N/A,#N/A,#N/A,false,false,Never,#N/A,false,true,#N/A,#N/A,Same,No,#N/A,#N/A,#N/A,#N/A,#N/A,#N/A,#N/A,#N/A,#N/A,#N/A,#N/A,#N/A,#N/A,#N/A,#N/A,#N/A,false,false,#N/A,#N/A,#N/A,#N/A,#N/A,#N/A,#N/A
1775c10f-612f-46d6-a4aa-118ffaa52fac,Bhuvana Bulk Account 24992 Name,#N/A,#N/A,#N/A,#N/A,#N/A,#N/A,#N/A,#N/A,#N/A,#N/A,#N/A,#N/A,#N/A,#N/A,#N/A,#N/A,#N/A,#N/A,#N/A,#N/A,#N/A,#N/A,#N/A,#N/A,#N/A,#N/A,#N/A,#N/A,false,false,Never,#N/A,false,true,#N/A,#N/A,Same,No,#N/A,#N/A,#N/A,#N/A,#N/A,#N/A,#N/A,#N/A,#N/A,#N/A,#N/A,#N/A,#N/A,#N/A,#N/A,#N/A,false,false,#N/A,#N/A,#N/A,#N/A,#N/A,#N/A,#N/A
673f48d8-6576-47c9-9733-0f0ccd5c0984,Bhuvana Bulk Account 24969 Name,#N/A,#N/A,#N/A,#N/A,#N/A,#N/A,#N/A,#N/A,#N/A,#N/A,#N/A,#N/A,#N/A,#N/A,#N/A,#N/A,#N/A,#N/A,#N/A,#N/A,#N/A,#N/A,#N/A,#N/A,#N/A,#N/A,#N/A,#N/A,false,false,Never,#N/A,false,true,#N/A,#N/A,Same,No,#N/A,#N/A,#N/A,#N/A,#N/A,#N/A,#N/A,#N/A,#N/A,#N/A,#N/A,#N/A,#N/A,#N/A,#N/A,#N/A,false,false,#N/A,#N/A,#N/A,#N/A,#N/A,#N/A,#N/A
f6559ca2-27a5-4d26-ab71-1f78d58d03e5,Bhuvana Bulk Account 24971 Name,#N/A,#N/A,#N/A,#N/A,#N/A,#N/A,#N/A,#N/A,#N/A,#N/A,#N/A,#N/A,#N/A,#N/A,#N/A,#N/A,#N/A,#N/A,#N/A,#N/A,#N/A,#N/A,#N/A,#N/A,#N/A,#N/A,#N/A,#N/A,false,false,Never,#N/A,false,true,#N/A,#N/A,Same,No,#N/A,#N/A,#N/A,#N/A,#N/A,#N/A,#N/A,#N/A,#N/A,#N/A,#N/A,#N/A,#N/A,#N/A,#N/A,#N/A,false,false,#N/A,#N/A,#N/A,#N/A,#N/A,#N/A,#N/A
ce738cc9-e318-4cd8-a795-ae3ab0305a6c,Bhuvana Bulk Account 24996 Name,#N/A,#N/A,#N/A,#N/A,#N/A,#N/A,#N/A,#N/A,#N/A,#N/A,#N/A,#N/A,#N/A,#N/A,#N/A,#N/A,#N/A,#N/A,#N/A,#N/A,#N/A,#N/A,#N/A,#N/A,#N/A,#N/A,#N/A,#N/A,false,false,Never,#N/A,false,true,#N/A,#N/A,Same,No,#N/A,#N/A,#N/A,#N/A,#N/A,#N/A,#N/A,#N/A,#N/A,#N/A,#N/A,#N/A,#N/A,#N/A,#N/A,#N/A,false,false,#N/A,#N/A,#N/A,#N/A,#N/A,#N/A,#N/A
38f76431-f5e0-4026-ad68-1d63cebdafa3,Bhuvana Bulk Account 24995 Name,#N/A,#N/A,#N/A,#N/A,#N/A,#N/A,#N/A,#N/A,#N/A,#N/A,#N/A,#N/A,#N/A,#N/A,#N/A,#N/A,#N/A,#N/A,#N/A,#N/A,#N/A,#N/A,#N/A,#N/A,#N/A,#N/A,#N/A,#N/A,false,false,Never,#N/A,false,true,#N/A,#N/A,Same,No,#N/A,#N/A,#N/A,#N/A,#N/A,#N/A,#N/A,#N/A,#N/A,#N/A,#N/A,#N/A,#N/A,#N/A,#N/A,#N/A,false,false,#N/A,#N/A,#N/A,#N/A,#N/A,#N/A,#N/A
09e9d5db-3890-458c-bbaa-f2b76cdf23a6,Bhuvana Bulk Account 24996 Name,#N/A,#N/A,#N/A,#N/A,#N/A,#N/A,#N/A,#N/A,#N/A,#N/A,#N/A,#N/A,#N/A,#N/A,#N/A,#N/A,#N/A,#N/A,#N/A,#N/A,#N/A,#N/A,#N/A,#N/A,#N/A,#N/A,#N/A,#N/A,false,false,Never,#N/A,false,true,#N/A,#N/A,Same,No,#N/A,#N/A,#N/A,#N/A,#N/A,#N/A,#N/A,#N/A,#N/A,#N/A,#N/A,#N/A,#N/A,#N/A,#N/A,#N/A,false,false,#N/A,#N/A,#N/A,#N/A,#N/A,#N/A,#N/A
96a49ad0-145d-4848-a9cf-dc7a0c7b3cf8,Bhuvana Bulk Account 24983 Name,#N/A,#N/A,#N/A,#N/A,#N/A,#N/A,#N/A,#N/A,#N/A,#N/A,#N/A,#N/A,#N/A,#N/A,#N/A,#N/A,#N/A,#N/A,#N/A,#N/A,#N/A,#N/A,#N/A,#N/A,#N/A,#N/A,#N/A,#N/A,false,false,Never,#N/A,false,true,#N/A,#N/A,Same,No,#N/A,#N/A,#N/A,#N/A,#N/A,#N/A,#N/A,#N/A,#N/A,#N/A,#N/A,#N/A,#N/A,#N/A,#N/A,#N/A,false,false,#N/A,#N/A,#N/A,#N/A,#N/A,#N/A,#N/A
b0078ed4-450b-4bb0-8c67-751e3feee4ef,Bhuvana Bulk Account 24968 Name,#N/A,#N/A,#N/A,#N/A,#N/A,#N/A,#N/A,#N/A,#N/A,#N/A,#N/A,#N/A,#N/A,#N/A,#N/A,#N/A,#N/A,#N/A,#N/A,#N/A,#N/A,#N/A,#N/A,#N/A,#N/A,#N/A,#N/A,#N/A,false,false,Never,#N/A,false,true,#N/A,#N/A,Same,No,#N/A,#N/A,#N/A,#N/A,#N/A,#N/A,#N/A,#N/A,#N/A,#N/A,#N/A,#N/A,#N/A,#N/A,#N/A,#N/A,false,false,#N/A,#N/A,#N/A,#N/A,#N/A,#N/A,#N/A
26d64466-20c8-402f-8cf8-f3063697bf88,Bhuvana Bulk Account 24974 Name,#N/A,#N/A,#N/A,#N/A,#N/A,#N/A,#N/A,#N/A,#N/A,#N/A,#N/A,#N/A,#N/A,#N/A,#N/A,#N/A,#N/A,#N/A,#N/A,#N/A,#N/A,#N/A,#N/A,#N/A,#N/A,#N/A,#N/A,#N/A,false,false,Never,#N/A,false,true,#N/A,#N/A,Same,No,#N/A,#N/A,#N/A,#N/A,#N/A,#N/A,#N/A,#N/A,#N/A,#N/A,#N/A,#N/A,#N/A,#N/A,#N/A,#N/A,false,false,#N/A,#N/A,#N/A,#N/A,#N/A,#N/A,#N/A
53066cf7-6c36-4025-9e92-d123b4629986,Bhuvana Bulk Account 24992 Name,#N/A,#N/A,#N/A,#N/A,#N/A,#N/A,#N/A,#N/A,#N/A,#N/A,#N/A,#N/A,#N/A,#N/A,#N/A,#N/A,#N/A,#N/A,#N/A,#N/A,#N/A,#N/A,#N/A,#N/A,#N/A,#N/A,#N/A,#N/A,false,false,Never,#N/A,false,true,#N/A,#N/A,Same,No,#N/A,#N/A,#N/A,#N/A,#N/A,#N/A,#N/A,#N/A,#N/A,#N/A,#N/A,#N/A,#N/A,#N/A,#N/A,#N/A,false,false,#N/A,#N/A,#N/A,#N/A,#N/A,#N/A,#N/A
9d0fbe46-384c-485b-b122-061c6c4fca81,Bhuvana Bulk Account 24984 Name,#N/A,#N/A,#N/A,#N/A,#N/A,#N/A,#N/A,#N/A,#N/A,#N/A,#N/A,#N/A,#N/A,#N/A,#N/A,#N/A,#N/A,#N/A,#N/A,#N/A,#N/A,#N/A,#N/A,#N/A,#N/A,#N/A,#N/A,#N/A,false,false,Never,#N/A,false,true,#N/A,#N/A,Same,No,#N/A,#N/A,#N/A,#N/A,#N/A,#N/A,#N/A,#N/A,#N/A,#N/A,#N/A,#N/A,#N/A,#N/A,#N/A,#N/A,false,false,#N/A,#N/A,#N/A,#N/A,#N/A,#N/A,#N/A
67649232-8a35-4509-8562-1b380f300f26,Bhuvana Bulk Account 24988 Name,#N/A,#N/A,#N/A,#N/A,#N/A,#N/A,#N/A,#N/A,#N/A,#N/A,#N/A,#N/A,#N/A,#N/A,#N/A,#N/A,#N/A,#N/A,#N/A,#N/A,#N/A,#N/A,#N/A,#N/A,#N/A,#N/A,#N/A,#N/A,false,false,Never,#N/A,false,true,#N/A,#N/A,Same,No,#N/A,#N/A,#N/A,#N/A,#N/A,#N/A,#N/A,#N/A,#N/A,#N/A,#N/A,#N/A,#N/A,#N/A,#N/A,#N/A,false,false,#N/A,#N/A,#N/A,#N/A,#N/A,#N/A,#N/A
08321cd2-250d-40fb-8cec-0233b3265a9d,Bhuvana Bulk Account 24966 Name,#N/A,#N/A,#N/A,#N/A,#N/A,#N/A,#N/A,#N/A,#N/A,#N/A,#N/A,#N/A,#N/A,#N/A,#N/A,#N/A,#N/A,#N/A,#N/A,#N/A,#N/A,#N/A,#N/A,#N/A,#N/A,#N/A,#N/A,#N/A,false,false,Never,#N/A,false,true,#N/A,#N/A,Same,No,#N/A,#N/A,#N/A,#N/A,#N/A,#N/A,#N/A,#N/A,#N/A,#N/A,#N/A,#N/A,#N/A,#N/A,#N/A,#N/A,false,false,#N/A,#N/A,#N/A,#N/A,#N/A,#N/A,#N/A
1db9f4ce-fae2-485f-91aa-0b2c861f5468,Bhuvana Bulk Account 24981 Name,#N/A,#N/A,#N/A,#N/A,#N/A,#N/A,#N/A,#N/A,#N/A,#N/A,#N/A,#N/A,#N/A,#N/A,#N/A,#N/A,#N/A,#N/A,#N/A,#N/A,#N/A,#N/A,#N/A,#N/A,#N/A,#N/A,#N/A,#N/A,false,false,Never,#N/A,false,true,#N/A,#N/A,Same,No,#N/A,#N/A,#N/A,#N/A,#N/A,#N/A,#N/A,#N/A,#N/A,#N/A,#N/A,#N/A,#N/A,#N/A,#N/A,#N/A,false,false,#N/A,#N/A,#N/A,#N/A,#N/A,#N/A,#N/A
07c99a6a-683d-46f9-888a-744f74931f1b,Bhuvana Bulk Account 24978 Name,#N/A,#N/A,#N/A,#N/A,#N/A,#N/A,#N/A,#N/A,#N/A,#N/A,#N/A,#N/A,#N/A,#N/A,#N/A,#N/A,#N/A,#N/A,#N/A,#N/A,#N/A,#N/A,#N/A,#N/A,#N/A,#N/A,#N/A,#N/A,false,false,Never,#N/A,false,true,#N/A,#N/A,Same,No,#N/A,#N/A,#N/A,#N/A,#N/A,#N/A,#N/A,#N/A,#N/A,#N/A,#N/A,#N/A,#N/A,#N/A,#N/A,#N/A,false,false,#N/A,#N/A,#N/A,#N/A,#N/A,#N/A,#N/A
f696c3d0-e996-4694-93d9-e99589f36448,Bhuvana Bulk Account 24975 Name,#N/A,#N/A,#N/A,#N/A,#N/A,#N/A,#N/A,#N/A,#N/A,#N/A,#N/A,#N/A,#N/A,#N/A,#N/A,#N/A,#N/A,#N/A,#N/A,#N/A,#N/A,#N/A,#N/A,#N/A,#N/A,#N/A,#N/A,#N/A,false,false,Never,#N/A,false,true,#N/A,#N/A,Same,No,#N/A,#N/A,#N/A,#N/A,#N/A,#N/A,#N/A,#N/A,#N/A,#N/A,#N/A,#N/A,#N/A,#N/A,#N/A,#N/A,false,false,#N/A,#N/A,#N/A,#N/A,#N/A,#N/A,#N/A
09ce12f9-615a-40df-8e55-ac94ac0c13f5,Bhuvana Bulk Account 24989 Name,#N/A,#N/A,#N/A,#N/A,#N/A,#N/A,#N/A,#N/A,#N/A,#N/A,#N/A,#N/A,#N/A,#N/A,#N/A,#N/A,#N/A,#N/A,#N/A,#N/A,#N/A,#N/A,#N/A,#N/A,#N/A,#N/A,#N/A,#N/A,false,false,Never,#N/A,false,true,#N/A,#N/A,Same,No,#N/A,#N/A,#N/A,#N/A,#N/A,#N/A,#N/A,#N/A,#N/A,#N/A,#N/A,#N/A,#N/A,#N/A,#N/A,#N/A,false,false,#N/A,#N/A,#N/A,#N/A,#N/A,#N/A,#N/A
f4d19ca1-d891-4c84-b2b6-2d590cd1b845,Bhuvana Bulk Account 24973 Name,#N/A,#N/A,#N/A,#N/A,#N/A,#N/A,#N/A,#N/A,#N/A,#N/A,#N/A,#N/A,#N/A,#N/A,#N/A,#N/A,#N/A,#N/A,#N/A,#N/A,#N/A,#N/A,#N/A,#N/A,#N/A,#N/A,#N/A,#N/A,false,false,Never,#N/A,false,true,#N/A,#N/A,Same,No,#N/A,#N/A,#N/A,#N/A,#N/A,#N/A,#N/A,#N/A,#N/A,#N/A,#N/A,#N/A,#N/A,#N/A,#N/A,#N/A,false,false,#N/A,#N/A,#N/A,#N/A,#N/A,#N/A,#N/A
c079acea-54ce-4d80-8d05-0956e342cf55,Bhuvana Bulk Account 24968 Name,#N/A,#N/A,#N/A,#N/A,#N/A,#N/A,#N/A,#N/A,#N/A,#N/A,#N/A,#N/A,#N/A,#N/A,#N/A,#N/A,#N/A,#N/A,#N/A,#N/A,#N/A,#N/A,#N/A,#N/A,#N/A,#N/A,#N/A,#N/A,false,false,Never,#N/A,false,true,#N/A,#N/A,Same,No,#N/A,#N/A,#N/A,#N/A,#N/A,#N/A,#N/A,#N/A,#N/A,#N/A,#N/A,#N/A,#N/A,#N/A,#N/A,#N/A,false,false,#N/A,#N/A,#N/A,#N/A,#N/A,#N/A,#N/A
5d3bdbd1-cdff-4cb8-a86c-98eaed271b7b,Bhuvana Bulk Account 24994 Name,#N/A,#N/A,#N/A,#N/A,#N/A,#N/A,#N/A,#N/A,#N/A,#N/A,#N/A,#N/A,#N/A,#N/A,#N/A,#N/A,#N/A,#N/A,#N/A,#N/A,#N/A,#N/A,#N/A,#N/A,#N/A,#N/A,#N/A,#N/A,false,false,Never,#N/A,false,true,#N/A,#N/A,Same,No,#N/A,#N/A,#N/A,#N/A,#N/A,#N/A,#N/A,#N/A,#N/A,#N/A,#N/A,#N/A,#N/A,#N/A,#N/A,#N/A,false,false,#N/A,#N/A,#N/A,#N/A,#N/A,#N/A,#N/A
db7d1799-0806-43b4-b382-3f9f19ad1b62,Bhuvana Bulk Account 24977 Name,#N/A,#N/A,#N/A,#N/A,#N/A,#N/A,#N/A,#N/A,#N/A,#N/A,#N/A,#N/A,#N/A,#N/A,#N/A,#N/A,#N/A,#N/A,#N/A,#N/A,#N/A,#N/A,#N/A,#N/A,#N/A,#N/A,#N/A,#N/A,false,false,Never,#N/A,false,true,#N/A,#N/A,Same,No,#N/A,#N/A,#N/A,#N/A,#N/A,#N/A,#N/A,#N/A,#N/A,#N/A,#N/A,#N/A,#N/A,#N/A,#N/A,#N/A,false,false,#N/A,#N/A,#N/A,#N/A,#N/A,#N/A,#N/A
74bb1734-8cf5-48ab-8c18-9705322f00da,Bhuvana Bulk Account 24986 Name,#N/A,#N/A,#N/A,#N/A,#N/A,#N/A,#N/A,#N/A,#N/A,#N/A,#N/A,#N/A,#N/A,#N/A,#N/A,#N/A,#N/A,#N/A,#N/A,#N/A,#N/A,#N/A,#N/A,#N/A,#N/A,#N/A,#N/A,#N/A,false,false,Never,#N/A,false,true,#N/A,#N/A,Same,No,#N/A,#N/A,#N/A,#N/A,#N/A,#N/A,#N/A,#N/A,#N/A,#N/A,#N/A,#N/A,#N/A,#N/A,#N/A,#N/A,false,false,#N/A,#N/A,#N/A,#N/A,#N/A,#N/A,#N/A
de7689bc-4a24-4f3b-9c7c-3ce986c76afd,Bhuvana Bulk Account 24993 Name,#N/A,#N/A,#N/A,#N/A,#N/A,#N/A,#N/A,#N/A,#N/A,#N/A,#N/A,#N/A,#N/A,#N/A,#N/A,#N/A,#N/A,#N/A,#N/A,#N/A,#N/A,#N/A,#N/A,#N/A,#N/A,#N/A,#N/A,#N/A,false,false,Never,#N/A,false,true,#N/A,#N/A,Same,No,#N/A,#N/A,#N/A,#N/A,#N/A,#N/A,#N/A,#N/A,#N/A,#N/A,#N/A,#N/A,#N/A,#N/A,#N/A,#N/A,false,false,#N/A,#N/A,#N/A,#N/A,#N/A,#N/A,#N/A
985cd3d1-d30a-4120-a4de-adc158ffd4d6,Bhuvana Bulk Account 24972 Name,#N/A,#N/A,#N/A,#N/A,#N/A,#N/A,#N/A,#N/A,#N/A,#N/A,#N/A,#N/A,#N/A,#N/A,#N/A,#N/A,#N/A,#N/A,#N/A,#N/A,#N/A,#N/A,#N/A,#N/A,#N/A,#N/A,#N/A,#N/A,false,false,Never,#N/A,false,true,#N/A,#N/A,Same,No,#N/A,#N/A,#N/A,#N/A,#N/A,#N/A,#N/A,#N/A,#N/A,#N/A,#N/A,#N/A,#N/A,#N/A,#N/A,#N/A,false,false,#N/A,#N/A,#N/A,#N/A,#N/A,#N/A,#N/A
a6528975-a5a2-41e1-96ee-3bce7fbdfc00,Bhuvana Bulk Account 24982 Name,#N/A,#N/A,#N/A,#N/A,#N/A,#N/A,#N/A,#N/A,#N/A,#N/A,#N/A,#N/A,#N/A,#N/A,#N/A,#N/A,#N/A,#N/A,#N/A,#N/A,#N/A,#N/A,#N/A,#N/A,#N/A,#N/A,#N/A,#N/A,false,false,Never,#N/A,false,true,#N/A,#N/A,Same,No,#N/A,#N/A,#N/A,#N/A,#N/A,#N/A,#N/A,#N/A,#N/A,#N/A,#N/A,#N/A,#N/A,#N/A,#N/A,#N/A,false,false,#N/A,#N/A,#N/A,#N/A,#N/A,#N/A,#N/A
b11c4d65-7b27-48f6-a015-deb56b292de5,Bhuvana Bulk Account 24981 Name,#N/A,#N/A,#N/A,#N/A,#N/A,#N/A,#N/A,#N/A,#N/A,#N/A,#N/A,#N/A,#N/A,#N/A,#N/A,#N/A,#N/A,#N/A,#N/A,#N/A,#N/A,#N/A,#N/A,#N/A,#N/A,#N/A,#N/A,#N/A,false,false,Never,#N/A,false,true,#N/A,#N/A,Same,No,#N/A,#N/A,#N/A,#N/A,#N/A,#N/A,#N/A,#N/A,#N/A,#N/A,#N/A,#N/A,#N/A,#N/A,#N/A,#N/A,false,false,#N/A,#N/A,#N/A,#N/A,#N/A,#N/A,#N/A
24e17d43-bb79-4b47-aa89-9d6917fa5695,Bhuvana Bulk Account 24976 Name,#N/A,#N/A,#N/A,#N/A,#N/A,#N/A,#N/A,#N/A,#N/A,#N/A,#N/A,#N/A,#N/A,#N/A,#N/A,#N/A,#N/A,#N/A,#N/A,#N/A,#N/A,#N/A,#N/A,#N/A,#N/A,#N/A,#N/A,#N/A,false,false,Never,#N/A,false,true,#N/A,#N/A,Same,No,#N/A,#N/A,#N/A,#N/A,#N/A,#N/A,#N/A,#N/A,#N/A,#N/A,#N/A,#N/A,#N/A,#N/A,#N/A,#N/A,false,false,#N/A,#N/A,#N/A,#N/A,#N/A,#N/A,#N/A
be2c9a53-a239-447d-b931-9112b9aa234e,Bhuvana Bulk Account 24978 Name,#N/A,#N/A,#N/A,#N/A,#N/A,#N/A,#N/A,#N/A,#N/A,#N/A,#N/A,#N/A,#N/A,#N/A,#N/A,#N/A,#N/A,#N/A,#N/A,#N/A,#N/A,#N/A,#N/A,#N/A,#N/A,#N/A,#N/A,#N/A,false,false,Never,#N/A,false,true,#N/A,#N/A,Same,No,#N/A,#N/A,#N/A,#N/A,#N/A,#N/A,#N/A,#N/A,#N/A,#N/A,#N/A,#N/A,#N/A,#N/A,#N/A,#N/A,false,false,#N/A,#N/A,#N/A,#N/A,#N/A,#N/A,#N/A
450d3dba-06f1-4bc8-bfd5-4d6a97d5d7e6,Bhuvana Bulk Account 24994 Name,#N/A,#N/A,#N/A,#N/A,#N/A,#N/A,#N/A,#N/A,#N/A,#N/A,#N/A,#N/A,#N/A,#N/A,#N/A,#N/A,#N/A,#N/A,#N/A,#N/A,#N/A,#N/A,#N/A,#N/A,#N/A,#N/A,#N/A,#N/A,false,false,Never,#N/A,false,true,#N/A,#N/A,Same,No,#N/A,#N/A,#N/A,#N/A,#N/A,#N/A,#N/A,#N/A,#N/A,#N/A,#N/A,#N/A,#N/A,#N/A,#N/A,#N/A,false,false,#N/A,#N/A,#N/A,#N/A,#N/A,#N/A,#N/A
8de9b772-9769-4340-a03c-e9c367ea0b6c,Bhuvana Bulk Account 24993 Name,#N/A,#N/A,#N/A,#N/A,#N/A,#N/A,#N/A,#N/A,#N/A,#N/A,#N/A,#N/A,#N/A,#N/A,#N/A,#N/A,#N/A,#N/A,#N/A,#N/A,#N/A,#N/A,#N/A,#N/A,#N/A,#N/A,#N/A,#N/A,false,false,Never,#N/A,false,true,#N/A,#N/A,Same,No,#N/A,#N/A,#N/A,#N/A,#N/A,#N/A,#N/A,#N/A,#N/A,#N/A,#N/A,#N/A,#N/A,#N/A,#N/A,#N/A,false,false,#N/A,#N/A,#N/A,#N/A,#N/A,#N/A,#N/A
304ca80d-77b9-4448-b150-b98fec8402c9,Bhuvana Bulk Account 24975 Name,#N/A,#N/A,#N/A,#N/A,#N/A,#N/A,#N/A,#N/A,#N/A,#N/A,#N/A,#N/A,#N/A,#N/A,#N/A,#N/A,#N/A,#N/A,#N/A,#N/A,#N/A,#N/A,#N/A,#N/A,#N/A,#N/A,#N/A,#N/A,false,false,Never,#N/A,false,true,#N/A,#N/A,Same,No,#N/A,#N/A,#N/A,#N/A,#N/A,#N/A,#N/A,#N/A,#N/A,#N/A,#N/A,#N/A,#N/A,#N/A,#N/A,#N/A,false,false,#N/A,#N/A,#N/A,#N/A,#N/A,#N/A,#N/A
04cf4087-a8b1-4b65-b596-f0390db32432,12345,#N/A,#N/A,#N/A,#N/A,#N/A,#N/A,#N/A,#N/A,#N/A,#N/A,#N/A,#N/A,#N/A,#N/A,#N/A,#N/A,#N/A,#N/A,#N/A,#N/A,#N/A,#N/A,#N/A,#N/A,#N/A,#N/A,#N/A,#N/A,false,false,Never,#N/A,false,true,#N/A,#N/A,Same,No,#N/A,#N/A,#N/A,#N/A,#N/A,#N/A,#N/A,#N/A,#N/A,#N/A,#N/A,#N/A,#N/A,#N/A,#N/A,#N/A,false,false,#N/A,#N/A,#N/A,#N/A,#N/A,#N/A,#N/A
29ec7ca3-ab3f-4a58-a4d7-fac596a96100,Bhuvana Bulk Account 24971 Name,#N/A,#N/A,#N/A,#N/A,#N/A,#N/A,#N/A,#N/A,#N/A,#N/A,#N/A,#N/A,#N/A,#N/A,#N/A,#N/A,#N/A,#N/A,#N/A,#N/A,#N/A,#N/A,#N/A,#N/A,#N/A,#N/A,#N/A,#N/A,false,false,Never,#N/A,false,true,#N/A,#N/A,Same,No,#N/A,#N/A,#N/A,#N/A,#N/A,#N/A,#N/A,#N/A,#N/A,#N/A,#N/A,#N/A,#N/A,#N/A,#N/A,#N/A,false,false,#N/A,#N/A,#N/A,#N/A,#N/A,#N/A,#N/A
5a5d540e-34f1-4cc7-b76d-9d6f5d13dc02,Bhuvana Bulk Account 24973 Name,#N/A,#N/A,#N/A,#N/A,#N/A,#N/A,#N/A,#N/A,#N/A,#N/A,#N/A,#N/A,#N/A,#N/A,#N/A,#N/A,#N/A,#N/A,#N/A,#N/A,#N/A,#N/A,#N/A,#N/A,#N/A,#N/A,#N/A,#N/A,false,false,Never,#N/A,false,true,#N/A,#N/A,Same,No,#N/A,#N/A,#N/A,#N/A,#N/A,#N/A,#N/A,#N/A,#N/A,#N/A,#N/A,#N/A,#N/A,#N/A,#N/A,#N/A,false,false,#N/A,#N/A,#N/A,#N/A,#N/A,#N/A,#N/A
00054469-a8e2-45e3-adae-e9ca37778bf5,Bhuvana Bulk Account 24979 Name,#N/A,#N/A,#N/A,#N/A,#N/A,#N/A,#N/A,#N/A,#N/A,#N/A,#N/A,#N/A,#N/A,#N/A,#N/A,#N/A,#N/A,#N/A,#N/A,#N/A,#N/A,#N/A,#N/A,#N/A,#N/A,#N/A,#N/A,#N/A,false,false,Never,#N/A,false,true,#N/A,#N/A,Same,No,#N/A,#N/A,#N/A,#N/A,#N/A,#N/A,#N/A,#N/A,#N/A,#N/A,#N/A,#N/A,#N/A,#N/A,#N/A,#N/A,false,false,#N/A,#N/A,#N/A,#N/A,#N/A,#N/A,#N/A
7b876248-213e-414b-a8d3-0a43a258e82f,Bhuvana Bulk Account 24983 Name,#N/A,#N/A,#N/A,#N/A,#N/A,#N/A,#N/A,#N/A,#N/A,#N/A,#N/A,#N/A,#N/A,#N/A,#N/A,#N/A,#N/A,#N/A,#N/A,#N/A,#N/A,#N/A,#N/A,#N/A,#N/A,#N/A,#N/A,#N/A,false,false,Never,#N/A,false,true,#N/A,#N/A,Same,No,#N/A,#N/A,#N/A,#N/A,#N/A,#N/A,#N/A,#N/A,#N/A,#N/A,#N/A,#N/A,#N/A,#N/A,#N/A,#N/A,false,false,#N/A,#N/A,#N/A,#N/A,#N/A,#N/A,#N/A
86f664f8-3f1e-4b0c-9aff-36dac3debc6c,Bhuvana Bulk Account 24988 Name,#N/A,#N/A,#N/A,#N/A,#N/A,#N/A,#N/A,#N/A,#N/A,#N/A,#N/A,#N/A,#N/A,#N/A,#N/A,#N/A,#N/A,#N/A,#N/A,#N/A,#N/A,#N/A,#N/A,#N/A,#N/A,#N/A,#N/A,#N/A,false,false,Never,#N/A,false,true,#N/A,#N/A,Same,No,#N/A,#N/A,#N/A,#N/A,#N/A,#N/A,#N/A,#N/A,#N/A,#N/A,#N/A,#N/A,#N/A,#N/A,#N/A,#N/A,false,false,#N/A,#N/A,#N/A,#N/A,#N/A,#N/A,#N/A
5c49aa66-7c01-46d6-afa3-aec14f2f33df,Bhuvana Bulk Account 24974 Name,#N/A,#N/A,#N/A,#N/A,#N/A,#N/A,#N/A,#N/A,#N/A,#N/A,#N/A,#N/A,#N/A,#N/A,#N/A,#N/A,#N/A,#N/A,#N/A,#N/A,#N/A,#N/A,#N/A,#N/A,#N/A,#N/A,#N/A,#N/A,false,false,Never,#N/A,false,true,#N/A,#N/A,Same,No,#N/A,#N/A,#N/A,#N/A,#N/A,#N/A,#N/A,#N/A,#N/A,#N/A,#N/A,#N/A,#N/A,#N/A,#N/A,#N/A,false,false,#N/A,#N/A,#N/A,#N/A,#N/A,#N/A,#N/A
7d30b50b-05d8-4235-8ca0-8a3a444ffcc4,Bhuvana Bulk Account 24989 Name,#N/A,#N/A,#N/A,#N/A,#N/A,#N/A,#N/A,#N/A,#N/A,#N/A,#N/A,#N/A,#N/A,#N/A,#N/A,#N/A,#N/A,#N/A,#N/A,#N/A,#N/A,#N/A,#N/A,#N/A,#N/A,#N/A,#N/A,#N/A,false,false,Never,#N/A,false,true,#N/A,#N/A,Same,No,#N/A,#N/A,#N/A,#N/A,#N/A,#N/A,#N/A,#N/A,#N/A,#N/A,#N/A,#N/A,#N/A,#N/A,#N/A,#N/A,false,false,#N/A,#N/A,#N/A,#N/A,#N/A,#N/A,#N/A
fb7a1900-6319-4cc9-b52f-4784ce8a17ee,Bhuvana Bulk Account 24995 Name,#N/A,#N/A,#N/A,#N/A,#N/A,#N/A,#N/A,#N/A,#N/A,#N/A,#N/A,#N/A,#N/A,#N/A,#N/A,#N/A,#N/A,#N/A,#N/A,#N/A,#N/A,#N/A,#N/A,#N/A,#N/A,#N/A,#N/A,#N/A,false,false,Never,#N/A,false,true,#N/A,#N/A,Same,No,#N/A,#N/A,#N/A,#N/A,#N/A,#N/A,#N/A,#N/A,#N/A,#N/A,#N/A,#N/A,#N/A,#N/A,#N/A,#N/A,false,false,#N/A,#N/A,#N/A,#N/A,#N/A,#N/A,#N/A
7797d4b9-96bd-455c-9494-48e44d859502,Bhuvana Bulk Account 24966 Name,#N/A,#N/A,#N/A,#N/A,#N/A,#N/A,#N/A,#N/A,#N/A,#N/A,#N/A,#N/A,#N/A,#N/A,#N/A,#N/A,#N/A,#N/A,#N/A,#N/A,#N/A,#N/A,#N/A,#N/A,#N/A,#N/A,#N/A,#N/A,false,false,Never,#N/A,false,true,#N/A,#N/A,Same,No,#N/A,#N/A,#N/A,#N/A,#N/A,#N/A,#N/A,#N/A,#N/A,#N/A,#N/A,#N/A,#N/A,#N/A,#N/A,#N/A,false,false,#N/A,#N/A,#N/A,#N/A,#N/A,#N/A,#N/A
90881db1-dafa-4e18-969a-1564ff75c11d,Bhuvana Bulk Account 24979 Name,#N/A,#N/A,#N/A,#N/A,#N/A,#N/A,#N/A,#N/A,#N/A,#N/A,#N/A,#N/A,#N/A,#N/A,#N/A,#N/A,#N/A,#N/A,#N/A,#N/A,#N/A,#N/A,#N/A,#N/A,#N/A,#N/A,#N/A,#N/A,false,false,Never,#N/A,false,true,#N/A,#N/A,Same,No,#N/A,#N/A,#N/A,#N/A,#N/A,#N/A,#N/A,#N/A,#N/A,#N/A,#N/A,#N/A,#N/A,#N/A,#N/A,#N/A,false,false,#N/A,#N/A,#N/A,#N/A,#N/A,#N/A,#N/A
